id,name,model_id:id,group_id:id,perm_read,perm_write,perm_create,perm_unlink
access_hr_recruitment_request_manager,hr_recruitment_request_manager,model_hr_recruitment_request,hr_recruitment.group_hr_recruitment_manager,1,1,1,1
access_hr_recruitment_request_officer,hr_recruitment_request_officer,model_hr_recruitment_request,hr_recruitment.group_hr_recruitment_user,1,1,1,0
access_start_recruiting_process_manager,start_recruiting_process_manager,model_start_recruiting_process,hr_recruitment.group_hr_recruitment_manager,1,1,1,1
access_start_recruiting_process_officer,start_recruiting_process_officer,model_start_recruiting_process,hr_recruitment.group_hr_recruitment_user,1,1,1,0
access_submit_recruiting_process_manager,submit_recruiting_process_manager,model_submit_recruiting_process,hr_recruitment.group_hr_recruitment_manager,1,1,1,1
access_submit_recruiting_process_officer,submit_recruiting_process_officer,model_submit_recruiting_process,hr_recruitment.group_hr_recruitment_user,1,1,1,0
