<?xml version="1.0" encoding="utf-8"?>
<odoo>
    <!--officer see own record only -->
    <record id="recruitment_request_user_rule" model="ir.rule">
        <field name="name">User Can See Recruitment Request</field>
        <field ref="model_hr_recruitment_request" name="model_id"/>
<!--        <field name="domain_force">['|',('user_id','=',user.id),('submit_manager','=',user.id)]</field>-->
        <field name="domain_force">[('user_id','=',user.id)]</field>
        <field name="groups" eval="[(4, ref('hr_recruitment.group_hr_recruitment_user'))]"/>
    </record>
    <!-- manager see all record -->
    <record id="recruitment_request_manager_rule" model="ir.rule">
        <field name="name">Manager Can See Recruitment Request</field>
        <field ref="model_hr_recruitment_request" name="model_id"/>
        <field name="domain_force">[(1,'=',1)]</field>
        <field name="groups" eval="[(4, ref('hr_recruitment.group_hr_recruitment_manager'))]"/>
    </record>
</odoo>
